True_Nu_avg,Pred_Nu_avg,True_DeltaP,Pred_DeltaP
35.4097,33.730686,7.75875,7.9513593
71.5893,68.4509,5.68592,5.6161337
40.3531,35.8044,8.32525,8.289259
88.9003,98.08397,6.6946,6.4438877
58.778,74.47988,6.60082,6.385207
48.4953,55.814987,6.31473,6.464783
46.5118,44.581726,6.43513,6.8634977
64.5636,61.72425,6.34797,6.409165
40.1031,44.522736,7.95657,7.825709
48.4233,64.55245,6.41803,6.1927357
82.2771,82.560135,6.1954103,6.207739
53.2792,47.65937,8.31676,8.268878
203.96,209.52939,6.57928,6.6625795
61.9408,65.79987,5.75623,5.9006014
57.5033,54.849606,6.97045,7.017002
40.8294,45.011353,9.21624,9.189105
53.5765,61.21585,6.29843,6.014907
62.5579,63.360096,7.53886,7.555549
37.401897,33.29899,6.6826,6.7323375
82.2796,112.21378,6.80674,6.846661
69.3812,68.8554,7.03484,7.0210853
44.1097,51.297546,6.73527,6.6068425
62.4839,50.21691,6.90684,7.2752104
49.0576,49.615128,8.23125,8.328584
38.2497,34.98035,8.39976,8.575637
92.345,77.43741,6.95507,7.047496
34.9599,31.614971,7.98491,8.056877
40.812798,43.783752,7.61093,7.3512964
41.377098,44.923958,6.88908,6.9818363
72.7127,74.67547,6.24092,6.4688077
46.0221,50.62446,7.26314,7.013712
108.37,122.31619,5.90687,5.751436
75.6468,72.2409,6.5555,6.504493
45.7543,45.12281,7.78123,7.81152
38.2057,39.763016,7.46239,7.426528
122.134,117.13191,5.62511,5.676306
89.8231,96.694885,7.45423,7.182403
51.879,58.29065,8.78968,8.768419
101.766,106.93357,6.33133,6.2729316
100.116,87.88061,7.12305,7.4136786
269.027,233.6328,6.12116,6.1040034
43.1673,47.287735,8.97779,8.66447
35.1452,33.701378,7.14834,7.379531
65.8679,65.38192,6.42155,6.6209126
55.9078,49.694355,6.73844,6.6371417
72.5569,75.94266,5.66015,5.575008
47.647,49.404896,6.99598,6.9949937
83.7529,77.435844,6.78111,6.705579
79.1263,64.616356,6.20067,6.136395
50.9467,46.020237,6.51882,6.440339
48.7447,52.463585,7.7121,7.614276
57.0898,55.569595,6.72347,6.828111
63.032,61.592632,6.43758,6.2105284
51.944,53.289425,6.34312,6.798252
32.7472,35.089928,7.81582,7.7752795
39.6786,41.00557,8.50711,8.246837
54.9499,54.9871,7.25216,7.0289984
68.3485,74.866585,6.47131,5.990404
99.7662,108.79241,7.80106,8.150201
96.1767,71.16864,5.37292,5.569706
35.975,36.407207,8.59118,8.885398
39.1924,33.246563,7.14922,7.2568264
57.0804,51.816303,8.78197,9.029536
52.6313,55.98353,6.49119,6.0049562
76.6582,76.9351,5.75744,5.814949
46.1704,50.652756,6.0265203,6.2763143
37.5182,30.705994,9.0977,9.265572
70.1632,68.45277,7.32282,7.4292426
53.2643,44.7379,7.34454,7.5388474
34.257,35.998646,8.41153,8.5674095
81.505,73.74024,6.56347,6.696726
45.0508,49.71901,6.70089,6.6698637
39.1913,39.007473,7.54809,7.351895
44.442398,43.704193,8.29387,8.083805
65.9661,57.29362,6.70283,6.791139
46.4398,50.685085,7.43407,7.5167847
76.9309,74.75851,6.9277,7.1230474
39.815998,40.055004,6.8217998,6.9485183
78.3208,78.156555,6.94615,6.8358293
46.5883,44.12346,7.1607,7.082347
44.8457,45.742516,6.83815,6.708408
68.6133,66.49558,6.41651,6.1439104
91.2709,100.340515,6.23691,6.268028
58.6312,49.431023,7.58245,7.7535653
93.131,84.42188,7.90207,7.7444844
65.1352,52.947037,6.6579,6.391118
51.1929,58.457695,7.6708198,7.446905
60.2584,57.168617,7.11978,7.254174
70.7051,69.38072,6.05436,6.309755
69.4957,73.15286,8.19655,7.9322104
88.2662,70.12836,6.15897,6.010926
70.3988,76.38884,7.78649,7.5284686
73.3777,79.36257,7.78789,7.9290757
32.017097,36.243008,8.66639,8.399078
30.850601,36.497868,7.875,7.4088726
82.0675,111.994736,3.82691,6.1608367
68.5144,85.52002,7.77168,7.3855867
47.9325,51.33062,6.20844,6.3213973
109.548996,117.56269,6.76807,6.7299166
43.4911,36.804554,7.13578,7.4679847
107.171,74.756325,7.68594,8.339868
109.159996,121.93505,6.90626,6.886785
66.3108,67.67831,6.00927,6.150854
78.5821,65.48321,5.62266,5.7389584
43.8054,39.273933,10.0456,10.173515
47.7427,59.729233,7.09367,6.7234874
86.7083,96.935974,6.22606,6.2383337
82.4999,96.56629,5.9663,6.3808374
64.0294,64.67159,6.47397,6.3413587
133.912,136.8829,5.48659,5.8667
38.5529,36.498676,6.36202,6.599105
33.3051,41.10117,8.61461,8.559932
41.1681,46.309975,7.56469,7.7476444
27.806301,33.9603,7.88568,7.3691387
40.3113,42.26788,7.30426,7.2323933
60.4626,66.1094,9.30692,9.209059
48.9794,45.449547,7.60677,7.7032266
58.0086,59.260742,6.10714,5.951015
104.266,85.16261,6.34913,6.3761935
39.7868,40.093006,8.02391,7.992703
45.221798,42.991924,7.81826,7.686902
56.8571,51.8455,6.49438,6.6131
83.8175,87.553535,6.51761,6.328122
62.4154,63.730354,6.59843,6.565561
44.677,39.93337,8.29239,8.445705
39.4624,37.181244,6.88974,6.9326797
410.211,348.9494,5.25521,5.388395
86.4551,88.96443,6.19417,6.1957803
90.4174,97.59417,8.17916,7.8544984
82.4541,94.56649,6.51029,6.496207
102.061,100.21282,6.46263,6.3841414
58.149002,55.072777,5.82169,6.2046175
42.6427,41.667324,7.9467,8.1033535
74.2824,83.59229,7.94159,7.865762
43.9593,50.794956,8.84387,8.947029
51.599598,48.004913,6.48139,6.528268
53.6585,54.431965,8.23656,8.373895
50.4144,56.077545,7.99233,7.7914257
73.815,74.03324,6.2385902,6.1401134
173.67,140.47607,5.41922,5.551334
41.641098,41.582123,8.0579,7.7499027
48.9595,48.74499,6.37072,6.458214
44.9843,59.371506,10.7466,10.0552635
44.8281,44.29864,7.82089,7.7772045
60.1558,65.10844,5.6624103,5.7769127
87.1912,74.67236,7.54408,7.654852
36.5883,40.171658,7.09253,6.9432507
86.5032,79.616325,7.06947,7.0393214
44.4828,48.6983,7.02149,6.773767
47.4207,54.64544,6.89102,6.593674
78.3777,72.37894,8.59513,8.805332
60.2461,55.6082,7.20023,7.4804835
56.3819,61.401802,7.24941,7.3439026
145.314,173.44933,4.92364,5.077873
74.2977,55.170967,7.44873,7.978209
134.645,122.33737,5.32915,5.3679066
85.2154,66.56813,6.4411697,6.7160063
40.0844,39.955063,6.77592,6.7721043
58.258,43.789997,7.41361,7.8001137
57.127,47.384167,7.7782598,8.242905
63.9751,61.93943,6.43967,6.4125113
53.2594,56.247154,7.63844,7.5599155
51.8709,48.65161,8.59021,8.703823
52.1895,55.509926,6.30671,6.459775
61.9155,69.111694,7.06676,6.675225
58.91,58.74622,6.96496,7.0593247
56.3515,62.21113,7.82232,7.8012695
52.9296,59.79528,6.38545,6.318945
78.3476,63.02329,7.24168,7.5887237
45.5145,40.22585,8.82428,9.025078
57.9603,59.740845,6.6578,6.6864657
52.6208,51.33347,8.38318,8.374294
36.453697,35.292706,7.90645,8.298918
87.3321,74.11305,6.54909,6.5300198
59.2765,71.9898,6.18579,6.293404
108.447,99.53229,7.3744,7.4592843
46.9458,47.590508,7.61095,7.435937
108.079,119.189285,6.96767,6.6742225
61.0327,64.669106,7.86515,7.811763
46.6096,46.812836,8.25633,8.448962
48.0103,42.614914,7.09538,7.058084
39.1398,33.83301,7.70038,7.717914
75.6564,51.718044,5.62142,6.202833
60.0129,58.929935,6.7489,6.7688017
56.173,60.447075,9.30527,8.930116
61.0059,54.98891,6.78791,6.7603188
83.5057,74.41501,7.3508,7.298518
80.1696,83.30748,6.88814,7.5676546
42.3964,46.1118,7.43675,7.3724427
44.0357,42.18857,9.54248,9.518511
40.7012,48.326138,7.4171,7.1677313
54.2226,52.733753,9.66297,9.649931
55.8525,71.34415,6.68928,6.413925
39.6307,40.46799,6.76116,6.746769
29.018997,27.935123,7.96005,7.8132067
44.5226,44.334137,7.39372,6.962639
43.2438,40.37345,8.70408,8.880369
76.2294,66.9159,6.04992,6.1047964
32.5557,37.75462,8.53534,8.546736
46.3163,48.6432,8.3739,8.477137
53.8793,46.033783,7.39096,7.511976
41.903797,45.721073,6.42618,6.3736362
57.496,64.26309,6.0877,5.8040795
53.4433,47.091206,6.75607,6.8027663
118.521,128.18413,5.76543,6.1434035
135.979,114.42391,5.98852,5.917293
72.5175,68.527,6.13135,5.9371376
52.0085,54.55455,7.68577,7.429252
65.7418,63.766853,7.14503,6.983807
43.5141,44.463333,7.50049,8.036492
41.9875,44.81865,7.16838,7.055609
46.2912,43.63196,7.15516,7.1260643
144.372,148.13069,5.47519,5.4585743
97.3965,80.53749,5.88002,6.060909
83.3293,82.50798,7.02477,6.959193
87.8065,80.52647,6.62383,6.6071067
39.4035,32.83622,8.80238,8.961301
59.9687,61.114796,8.18042,8.242882
77.9224,78.65697,8.65544,8.501966
52.2747,54.839813,9.32073,9.031927
48.0532,44.15125,8.58823,8.857574
57.2134,55.579994,7.34437,7.6100616
64.7015,54.94003,8.23939,8.640032
27.758701,31.233627,9.21722,8.75189
36.7283,35.24868,8.38011,8.674559
47.8039,46.485535,7.08252,7.2667866
42.7876,55.967915,7.34422,7.1139927
43.8102,51.64757,6.6843,6.792319
34.270798,32.22089,9.26843,8.924785
93.3684,108.384346,5.72566,5.8008337
201.38101,219.81343,5.68366,6.013856
51.8157,56.876,6.4291,6.2783294
37.138,32.239502,7.92969,7.9168377
69.3956,70.368004,6.57753,6.474361
90.002,87.42306,8.12463,8.029355
56.6188,57.559704,8.33041,8.208216
68.0034,65.610565,8.40581,8.72132
66.6907,60.572983,7.4042,7.514966
41.1847,42.948357,6.5513,6.6651525
66.0276,65.48791,6.65469,6.578414
58.9268,59.670506,7.59063,7.2572145
49.0181,50.404823,7.94966,8.083607
98.9363,78.37964,6.90789,7.5038595
46.0186,38.9461,7.90949,7.988984
57.4766,51.488586,6.1603003,6.051848
63.8343,68.23326,7.25816,6.969481
95.8492,74.11162,5.72324,6.020577
48.844,45.051575,7.58857,7.485266
42.5585,43.856514,7.48915,7.116317
47.3961,44.373222,7.97537,8.018084
72.2908,69.46394,7.13285,7.059924
30.8154,29.51551,7.97599,7.912474
48.1352,51.725304,7.07465,6.9779663
92.4965,87.996864,6.84459,6.834751
61.4579,67.205444,7.53391,7.438611
44.4955,43.336487,6.63478,6.7976646
46.2692,45.55993,6.27614,6.3069873
44.9857,40.909836,8.62439,8.930894
78.5551,70.51184,6.69583,6.937725
42.2071,44.39257,7.57066,7.368626
42.018898,52.62032,6.15826,6.1732197
68.8441,62.77249,7.07044,6.9409175
32.271698,32.10314,7.97848,7.935725
42.7859,42.84568,6.6785197,6.4930015
56.9984,55.343616,7.31726,7.3363304
40.5221,40.751465,6.93735,7.1533628
58.9,63.039265,9.16001,9.122129
80.198296,75.901344,7.66308,8.267616
55.3763,57.422066,7.72178,7.703804
42.4801,38.876736,7.70864,7.698786
75.171,73.93822,5.94635,5.7663307
37.325,36.074238,6.18478,6.7349105
59.1349,55.078583,8.29131,8.27279
37.3412,41.740868,6.3256,6.32043
42.4305,43.060432,7.91794,7.8667984
121.526,63.023407,7.69141,8.912949
64.7676,68.74498,7.5425,7.6969614
49.8048,43.359974,8.06054,8.217148
39.3045,39.89167,7.3436,7.482429
85.504,75.869804,6.07152,6.037254
55.2477,48.947998,6.81787,7.389873
76.5783,78.94674,6.20136,6.4361434
63.7269,56.01244,9.89839,9.870346
105.643,104.494354,4.63302,4.768564
54.0053,53.827797,8.16904,8.182547
71.7768,66.66718,8.64304,8.9171295
53.4747,53.43396,7.11135,6.7506084
59.3324,59.89957,8.44885,8.611401
43.916,40.70318,6.99655,7.1161633
103.313995,81.26424,5.71439,6.0435357
47.669098,53.305515,8.27734,8.104705
43.1752,47.555107,7.60358,7.0014644
58.88,58.45595,6.39008,6.459194
49.6787,43.937363,6.08132,6.2625003
76.5494,78.09509,6.6311502,6.7244334
59.2443,46.842487,7.79134,8.3541355
55.3941,51.285477,6.7905498,6.8658586
46.4705,52.834953,8.14571,7.8481417
39.906097,34.05145,7.83313,7.764113
51.7983,50.133087,8.58736,8.75377
80.5301,79.11856,6.7083697,7.392199
107.515,102.00088,5.76263,6.17554
63.0501,68.68702,5.94086,5.8974133
47.7756,46.17181,8.49297,8.476723
39.6244,40.514492,7.9723,7.6776567
87.4845,94.377846,6.36688,6.368637
42.7066,43.80083,6.55721,6.9691615
45.0368,44.81127,7.4478,7.410397
62.5949,59.02446,6.82807,6.6784935
99.5065,94.63552,7.91504,8.08541
58.7032,62.035027,6.00432,6.053114
45.2557,45.107086,6.97464,6.867424
41.9282,37.831123,7.06798,6.866541
58.0747,55.05689,6.95426,7.16916
97.6836,118.42565,7.09578,6.654265
92.6245,72.36529,7.16502,7.2480435
36.9498,41.25656,7.76849,7.767594
111.376,142.1483,6.815,6.135257
72.5992,74.26599,5.38266,5.7932277
78.8925,67.247025,6.23977,6.919975
71.2643,67.01159,6.32973,6.4063745
160.21,167.25595,5.83435,5.602044
60.0894,63.4863,6.9102798,6.7011523
68.7286,69.26153,7.83283,7.386876
29.4887,31.937656,7.32449,7.3356056
94.3443,91.49714,6.62383,6.4885516
66.0568,77.40545,8.2685995,8.135633
62.0936,64.80659,7.27667,7.1745377
41.2151,41.181824,7.72013,8.221259
37.5225,35.69046,6.7436,6.941161
65.1825,67.15418,5.62648,5.7619486
81.0777,70.34782,7.59887,7.573159
74.331604,77.31858,6.82373,6.9077106
46.9635,45.33809,7.69633,7.833445
34.6102,37.9935,6.35894,6.2762814
46.353397,48.94675,8.57463,8.552784
34.4616,41.981377,8.77334,8.446441
58.4528,52.65404,7.88226,8.01863
46.0841,47.02125,6.40437,6.3612027
43.9114,41.6201,7.50043,7.162752
103.914,129.18713,7.51298,7.2957997
69.1204,61.834164,6.45766,6.5923223
46.128498,48.804775,7.38019,7.6414
56.6908,54.088097,7.4937,7.4593377
69.7059,83.19189,5.55099,5.5160675
38.3406,37.68522,8.69588,8.62009
58.5061,66.400085,6.73436,6.82654
50.5334,49.178555,7.05088,6.7665625
58.4767,59.17095,6.65902,6.6020637
43.003197,32.402138,9.12969,9.188828
77.212,77.8913,6.1399503,6.045988
50.4553,47.696857,9.03186,9.30268
61.6083,62.425358,6.58886,6.457073
101.912994,96.33936,6.55268,6.364125
47.6748,41.10124,8.50808,8.511037
67.915,68.724785,7.32564,7.340538
44.2376,44.294468,6.68468,6.4168487
37.7081,42.659405,10.411,10.223375
80.34,91.66434,6.79252,6.6755147
44.8093,40.81411,8.76296,8.663907
50.7533,46.333206,8.54022,8.732842
41.4183,42.781673,8.43413,8.264651
40.238,38.31277,9.59523,9.630745
59.1346,58.771267,6.58693,6.5146103
52.2867,54.719368,7.5477,7.5843163
44.666798,44.476685,7.4562902,7.4709783
54.184498,56.32163,7.16577,7.3664584
53.4676,51.86099,6.65054,6.8392715
66.6365,62.61548,5.75033,5.95999
82.7026,84.72582,6.07132,5.8744297
56.8844,55.12938,7.82816,7.724727
65.4063,60.51386,7.94665,7.8855653
41.3309,41.933083,7.65721,7.4102626
85.2251,71.896126,5.46501,5.8357983
44.230198,49.723164,7.28648,7.0741534
68.8335,69.18788,5.68022,6.063859
61.2326,60.21267,5.66086,5.7086062
69.6268,66.53619,7.37234,7.3766823
157.262,106.5505,6.00891,6.4619703
44.5172,45.692062,7.07545,7.276105
59.8852,61.726162,6.81363,6.597218
65.6701,64.58537,6.47141,6.790386
70.361,61.32565,7.38932,7.5260625
43.5126,50.31101,8.80747,8.995878
51.0383,49.80733,6.60187,6.8962097
63.8163,65.89844,7.17899,7.304289
62.3396,70.254776,7.00586,7.080575
77.6799,81.58691,6.34166,6.3648753
67.5042,64.63599,8.20412,8.305012
39.8406,28.21695,9.8529,10.040215
64.8246,63.577225,6.68961,6.504723
43.6495,49.171017,9.0584,9.019597
69.6402,66.0357,6.71775,6.7154684
55.8912,59.531143,6.80977,6.7246585
61.3037,68.21271,6.12996,5.9929433
209.44699,181.41388,4.9505,5.7094326
113.324,121.48391,6.2487,6.2792463
32.515697,38.85615,6.69057,6.665779
49.5187,46.46711,8.04233,8.293541
40.207,43.381607,8.49915,8.388249
38.1822,40.60435,8.07556,7.8461733
69.3695,64.29139,6.47592,6.526159
62.0913,57.02871,6.31516,6.537395
73.9842,84.152885,6.83736,6.1537375
60.5466,66.18929,7.02219,7.0463147
34.2044,37.731796,7.56943,7.253587
102.274,94.015465,7.24182,7.4249773
66.5256,64.96975,6.714,6.669216
231.449,189.61739,5.91688,6.055917
38.7012,42.362896,6.62528,6.9353175
44.6166,47.27418,6.96994,7.018866
42.596397,43.872227,9.6514,9.328901
67.156,63.930325,6.8616,6.716803
37.5069,42.159546,8.4144,8.342295
59.4664,58.36572,5.87258,6.157802
74.3507,76.73083,8.24733,7.9225116
41.9007,43.234383,6.87368,7.02522
55.6685,60.802906,8.17572,8.265759
36.8792,36.14927,7.4738,7.6966314
40.5496,33.423363,7.70204,7.7975245
66.0083,69.162575,6.1641,5.835682
45.2857,41.153275,8.30504,7.691349
41.2277,40.056656,6.70616,6.246444
57.6917,70.52861,8.87047,8.482825
82.039,78.535545,6.73,6.963545
60.2349,52.572052,7.05044,6.9910307
44.225998,32.036102,8.51583,9.005877
49.1476,38.310192,8.11258,8.697104
48.9853,51.51567,7.05948,7.2464414
46.9492,46.26157,7.638,7.6131897
36.6279,37.583893,8.86907,8.911851
42.973797,52.07142,6.75426,6.5416636
43.3181,37.192635,7.08884,7.1646814
37.032898,31.865637,8.51454,8.620766
61.0929,61.594093,5.75221,6.1263356
44.3169,37.28768,8.06202,8.284017
122.145996,148.26631,8.08993,7.7391853
65.5792,68.34005,6.57514,6.767272
47.1011,42.65211,7.84014,8.0487995
40.8646,32.512302,8.0106,8.068949
70.7845,72.98512,8.58822,8.143017
78.7497,81.73509,7.95027,7.7060943
42.2045,38.36169,7.47844,7.878786
58.0349,52.190205,6.73175,7.1962447
47.9995,48.68619,6.32403,6.5577774
38.9726,34.90448,7.51433,7.8213735
36.4381,38.487724,9.06908,9.105677
52.7651,50.94391,6.22328,6.4042683
43.8362,44.601913,7.0913,6.7495813
40.4455,48.42511,7.8565,7.7248454
52.7238,51.968307,7.18332,7.0186615
60.0539,56.1076,6.54918,6.475041
36.036602,38.545864,8.84541,8.9693575
85.5418,102.59192,6.47917,6.389231
52.4084,59.434544,6.75222,6.5769024
60.7406,63.77431,7.20625,7.1012754
65.479,68.89243,8.19879,8.253073
47.8088,48.68002,7.67221,7.7105966
66.5729,68.57329,5.78238,6.0216074
31.7337,34.96225,7.09092,7.182785
62.3065,66.48106,8.8935,8.753673
89.4587,80.190254,6.86787,7.068463
60.0318,59.664627,7.23055,7.1269298
57.0796,50.487198,8.62803,9.20098
46.086,46.559464,6.92079,6.9291825
142.038,200.97197,6.54578,6.082284
41.9158,40.334953,7.33054,7.308003
57.6032,52.48875,6.1167,6.1606684
123.295,131.90784,6.14589,6.1383986
68.1601,67.39078,6.41191,6.561916
46.493,50.571236,7.28077,6.913638
57.8913,51.278065,6.46879,6.5913863
55.4812,57.9206,8.77482,8.976592
46.3251,48.083458,9.55117,9.361823
41.6272,42.512123,9.47397,9.379592
64.8032,66.55399,6.82512,6.8323784
54.9986,61.13482,6.6176,6.7121706
43.313198,43.618694,7.18871,7.1376452
44.2345,40.686058,8.97556,8.867338
92.8105,80.78158,7.8293,7.3123727
115.578995,92.475334,7.962,8.287467
58.2386,54.47882,6.77868,6.719065
56.1342,62.012775,6.40313,6.5136085
35.4352,35.046535,10.9326,10.581676
66.1138,64.090866,7.51271,7.5277905
37.724697,41.49452,8.36884,8.243619
47.2932,46.77778,7.35742,7.5068417
57.3384,55.016323,8.80232,8.917372
93.0806,84.756935,7.06087,7.186679
44.5618,39.973114,8.72291,8.836614
45.8578,42.90319,6.61859,6.549697
104.672,71.11339,5.84068,6.0718613
57.9758,48.4184,6.99498,7.2814817
63.0503,76.454094,6.15348,6.1883974
52.7476,49.874664,6.83117,6.85616
36.3504,40.428185,7.47754,6.8810353
51.2654,54.306293,6.1118603,6.4439187
60.6581,60.961685,6.7293,6.584499
64.0054,47.928345,7.77027,8.1063795
73.4506,65.18613,6.76722,6.6257396
40.629498,38.067894,8.18992,9.267489
44.6561,59.60897,8.66624,8.775071
47.2256,45.12205,9.55706,9.721466
39.7523,37.51231,6.93184,6.8046837
63.4657,90.93595,6.7463098,6.352577
50.4456,62.074966,6.94469,6.667725
59.1551,54.350163,9.34074,9.220251
80.9827,76.10416,7.0781,7.186639
53.009098,56.25951,8.29971,8.240983
79.4453,75.160286,7.72887,7.920823
95.361,103.687294,7.81254,7.498785
105.479,102.82843,7.00912,7.271775
32.7182,31.030483,8.23669,8.489854
85.3091,70.83131,5.50926,5.9347363
55.167,52.34592,6.19517,6.1523266
63.8106,51.48288,8.89674,9.10787
56.105,79.999504,7.01686,6.2065873
56.7706,56.033253,6.56776,6.394962
59.9984,54.53024,7.8394,7.960346
70.9415,64.42373,8.46805,8.595445
48.0495,46.782234,6.6547,7.0606804
50.5771,48.557796,9.18098,9.292796
111.61,103.344154,7.27002,7.1967506
38.0794,40.891117,7.26686,7.4352174
39.8877,36.56189,8.29844,8.232701
40.189598,38.220753,6.99178,7.4323006
69.5592,61.771095,6.8914,6.5725946
50.3452,55.21167,7.58206,7.4034147
40.3004,37.44841,8.87523,8.963321
90.0624,113.72195,5.54489,5.772143
37.2188,33.975536,7.36705,7.295124
52.5354,51.446575,7.71317,7.7432027
97.6969,81.96567,6.1585503,6.0821657
143.756,76.02505,5.28151,6.0862956
43.652,40.676727,5.77919,6.1966467
46.8662,42.51826,9.11138,9.198407
60.3537,49.78702,9.18754,9.238813
43.7071,39.075317,8.55212,8.792362
63.9267,52.306286,8.50231,8.967382
61.4795,66.3348,7.8654,7.76734
40.5136,49.13552,10.2386,9.950926
64.6022,64.58213,7.16726,7.225983
41.7034,46.91273,7.5282,7.710309
68.1607,68.870384,7.87125,7.9455276
41.3859,39.687534,7.72699,7.970058
58.3594,63.603333,7.80477,7.4159865
69.7522,70.5855,8.93854,8.569726
56.7357,53.06105,7.32731,7.2871203
44.1512,47.560417,7.25234,7.2364626
52.9328,59.386955,6.87971,6.580058
130.26,170.46664,6.20012,5.9869375
104.408,104.470406,5.2052,5.2555685
77.0313,84.69499,7.52177,7.447898
87.6309,85.35734,7.35716,7.458308
41.0891,38.938976,9.19028,9.427048
82.5376,84.295135,7.46141,7.303137
52.9492,52.641975,7.76144,7.7346783
44.369,41.069305,7.39836,7.4092145
46.528698,54.724472,6.96917,7.124431
109.755,100.18764,6.45913,6.4046593
143.74701,110.6347,5.14631,5.1482186
67.0884,69.46353,9.47356,9.183358
35.7509,37.391125,8.08621,8.083224
76.7646,85.93985,7.44093,7.3104296
58.340702,62.091976,8.30075,8.251244
58.3663,68.85255,5.89227,6.2307234
41.6637,41.7398,7.56104,7.1929393
40.180298,37.156826,7.42276,7.2503223
63.1004,64.76,8.85495,8.680427
39.6983,35.758053,7.09759,7.311238
36.5666,37.553932,8.18501,8.096895
50.1739,47.790817,8.01201,8.2981615
62.17,60.825905,5.44008,5.618002
68.0647,67.436676,6.98932,7.518667
40.1125,48.788418,10.1152,9.842738
48.859398,52.705055,5.98326,5.831928
45.3087,44.526318,7.27058,7.470584
43.5178,39.36506,9.9564495,9.92157
45.226498,41.772125,7.19842,7.154306
41.3187,40.9645,8.0581,8.1751585
39.1753,39.345966,6.03608,6.198577
55.7068,52.489067,6.34035,6.6367145
40.201897,40.48954,7.91483,7.889848
70.4056,60.558517,7.77268,8.057847
61.166,61.750664,6.27196,6.23162
50.2208,55.30061,9.16129,9.373678
81.6021,82.65682,5.71997,5.8271704
58.5634,59.57804,7.42912,7.607431
58.7562,60.39279,6.14969,6.4485717
40.088497,36.002625,8.22361,8.5285425
132.483,102.832146,6.40615,6.0311565
65.052,62.36982,6.16446,6.046428
43.8048,42.357323,7.50027,7.64899
43.6008,44.995087,8.33652,8.271416
100.683,113.42363,6.40122,6.3764534
79.8768,80.879555,5.6711802,5.6571918
61.307,64.13621,7.5687,7.6645913
114.383995,114.1555,5.85887,6.009908
77.0876,76.56327,7.52696,7.448114
66.4111,61.92901,5.97821,6.0180798
64.5774,62.343456,6.08862,6.357638
34.7567,33.919422,8.39691,8.907735
80.1688,89.08058,7.88018,8.265074
44.047802,49.57921,8.01724,8.061211
81.438,92.21689,5.60231,5.989635
37.003002,45.680264,7.63147,7.4641705
35.125298,45.226326,8.48927,8.105634
80.874596,79.53711,6.97042,6.97882
43.5536,44.28536,8.48211,8.023618
54.2813,50.600334,8.39816,8.466193
51.375,53.437096,7.39371,7.3849506
59.2481,58.65604,6.28658,6.175057
61.4436,68.10634,6.75899,6.721941
78.594,76.78485,6.27556,6.293474
58.2628,58.108818,7.91512,7.608313
42.0322,43.80894,7.9863,8.10826
34.5496,29.571465,9.12718,9.060246
66.5085,75.77517,7.0991,7.3623853
60.689,51.22948,7.336,7.6413064
39.3703,38.72621,6.91708,6.898378
53.0806,48.772274,7.14284,6.9864917
71.2229,60.743946,7.4296002,7.9434733
49.562,52.64803,9.13457,8.9067
90.8104,86.065994,6.462,6.5511236
63.0939,70.23924,5.6013303,5.8745594
48.6065,63.115208,8.24298,7.8352704
62.2168,63.74769,6.41904,6.64246
43.1498,47.81021,7.4723,7.595306
120.871,102.9042,5.4135,5.5360436
45.8022,52.76128,7.16162,7.2858844
65.3681,57.275475,5.87329,6.2061243
69.8302,64.080925,5.69414,5.92286
56.0164,56.269108,7.21486,7.2157083
84.357895,84.37949,5.79771,5.792809
46.9935,44.192135,6.83785,6.8961296
44.3502,46.832478,8.53778,8.363128
93.664696,89.41468,7.30932,7.6792502
58.4367,58.65279,7.28618,7.2613697
59.5036,65.23869,6.56078,6.879187
56.9409,60.72017,6.60336,6.3802414
63.8319,66.02582,7.91472,7.935661
65.6685,68.36901,8.72427,8.572788
37.1092,38.347717,8.53114,8.074661
77.0987,63.4234,6.8422,7.048662
50.6906,47.663513,6.5379,6.635992
50.9202,51.429897,7.42141,7.8612404
110.262,100.46127,6.15495,6.518223
56.781002,57.453915,8.86723,9.040549
47.7559,43.192604,8.52025,8.71294
47.456398,44.125957,6.92623,6.972252
45.085,44.392986,9.39202,9.528808
64.0727,61.973736,6.18912,6.096325
111.356995,105.03527,5.41818,6.116067
39.4828,45.585716,7.71677,7.3117895
119.499,110.03489,6.67925,6.665237
116.101,100.48577,6.94858,7.2017517
40.7684,35.993862,7.85316,7.5456734
50.1725,44.3112,8.67484,8.784891
43.618298,45.033176,7.71403,7.8261714
59.7433,49.366257,8.16434,8.4414015
62.2606,58.650246,6.76462,6.776337
40.814598,37.356762,8.01575,8.205917
98.2836,93.90992,5.82073,5.9936657
38.2072,40.294388,6.65174,6.9135337
72.4917,82.214645,5.5418,5.6894364
69.2616,71.81516,7.29501,6.93388
83.6204,75.26215,5.6595,6.032112
41.617302,38.890533,7.30227,7.575677
71.0958,67.44806,6.81881,7.2466063
76.6955,75.17476,6.89523,7.078347
42.7089,44.65058,7.60545,7.482721
42.0768,51.854183,8.36701,8.007893
74.7719,71.08508,6.62409,6.8243895
54.3161,56.131424,7.41717,7.1840982
67.3977,70.12738,6.96166,7.0440273
80.9527,70.9654,6.83309,6.8812404
45.605,48.598957,10.3517,10.121638
60.4661,61.414677,8.21002,8.31061
92.6239,93.61356,6.83095,6.7009444
38.1828,37.464115,8.53996,8.433494
59.1054,59.158348,7.32282,7.526395
51.723,52.32899,7.07606,6.6337447
38.8374,45.17735,7.60353,7.3738256
63.4728,79.65838,6.4176,6.1751714
40.6462,40.213917,6.83644,6.779429
49.6867,45.674297,7.6723,7.6871414
60.756,56.219543,7.06506,7.220575
102.227,137.97705,6.46339,6.147453
38.1209,28.84217,8.79857,8.887365
37.6658,39.821907,8.57232,8.378752
83.3805,74.2007,6.36544,6.5613165
51.5262,50.452316,7.91111,8.157405
71.056,50.00169,7.23541,7.061035
37.8252,35.377937,7.2386,7.439871
60.6686,64.23591,7.88981,8.002157
107.075,84.35514,6.12933,6.05342
102.254,77.9446,5.82312,6.163016
71.8775,65.20972,6.93692,7.816125
106.814995,108.74021,6.29221,6.334346
59.5041,56.401165,5.90706,6.0704255
38.9223,40.29905,8.11485,7.8638754
35.853302,38.11051,7.31602,7.3605165
32.181698,37.144844,7.33937,7.631746
79.8372,104.29974,6.35539,6.150991
56.0552,49.329517,8.77641,9.153928
63.7241,72.96083,7.76567,7.6822944
39.463,38.649426,7.40989,7.2680645
106.527,71.7907,5.25611,5.4576883
44.0201,49.989002,6.5777698,6.6895647
86.6559,75.821594,5.23333,5.6161723
50.2703,48.874603,7.973,7.9131966
165.388,188.77487,6.2768598,6.098993
37.1667,36.11666,6.45156,6.5764365
72.9987,62.3698,7.2182,7.3532014
48.3804,44.289425,7.23475,7.3704596
71.3937,53.208878,6.59068,6.5832763
73.5963,85.63238,8.68828,7.9186053
53.7592,60.865368,7.8939,7.6124096
49.3025,56.16472,8.04076,8.020662
29.7705,27.360561,7.22158,7.233171
50.494,51.58168,7.61153,7.0657706
48.9929,50.84196,6.10176,6.513397
39.6405,46.278534,7.28797,7.1128125
154.354,145.34195,5.33083,5.657443
61.7265,53.534557,7.7261,7.7166348
41.7725,40.94722,7.1932,7.004447
66.0731,59.273037,7.53658,7.7433763
45.3766,47.565655,8.55525,8.344252
68.4946,68.60914,8.51717,8.538659
33.4718,33.321617,6.83463,7.167547
53.177,50.52317,7.57332,7.3759522
40.728897,44.88324,8.55812,8.737668
58.026,59.05299,6.08627,6.242281
120.459,107.34021,6.70445,6.8044243
42.7177,44.469887,9.10211,9.0806
93.743004,57.610325,9.39883,10.213677
58.794,52.144054,6.12217,6.717467
42.5016,40.319866,7.03056,7.1544247
50.1204,54.360012,6.51813,6.7531967
75.8676,73.32001,7.74458,7.6730137
38.991898,42.090816,8.32247,8.041302
110.318,107.83138,6.09661,5.861505
33.8733,33.26619,8.42373,8.397945
80.1872,76.70996,6.7891,6.5533743
39.9404,34.545914,6.61835,7.000929
55.665,66.416374,8.13616,7.48509
47.880398,41.694496,7.10126,7.29755
68.1679,58.722992,6.5591,6.6618176
41.5893,45.092346,8.00029,7.9962664
78.7221,91.039764,6.27238,6.322879
96.8872,98.49905,7.31494,7.5456285
61.7466,67.686516,9.05517,8.714082
55.3091,53.533016,7.28221,7.082031
57.3986,53.12971,7.58778,7.838639
52.1563,59.730804,6.8394,6.664922
30.483898,34.611046,7.70921,7.771608
82.4024,75.86979,7.73659,7.8874927
40.9062,34.76469,6.97356,7.054706
69.468,64.33137,7.12312,7.008175
33.4973,37.047474,6.94413,6.9570103
50.1075,43.846,7.89051,8.008404
47.6225,43.708748,7.11002,7.0646544
45.140297,38.172817,7.93128,8.1070795
47.9153,48.02954,7.81249,7.880162
77.1959,73.94423,8.71251,8.7894745
35.2206,36.352352,7.90719,7.905267
55.0778,56.40312,7.7994,7.5857053
63.5632,57.798565,7.23341,7.1602845
56.4225,69.01578,8.05058,7.727407
101.152,98.26929,6.23954,6.122213
44.428898,43.19608,8.23096,8.744466
45.3973,55.52925,7.14856,6.955718
44.3,41.230007,9.35816,9.013911
50.7804,45.618347,6.4527698,6.585727
52.4985,57.725536,7.43331,7.528824
44.0423,44.263588,6.82034,6.768317
60.1454,63.17925,6.36653,6.233768
59.3905,60.83736,7.85285,7.866708
56.9568,56.319275,7.82951,7.670465
125.877,154.71738,6.88169,6.765142
69.2666,71.275795,6.36217,6.10728
99.20319,143.7072,5.51362,5.004163
44.4634,45.60023,8.55454,8.630231
69.3874,73.47093,7.84989,7.4765677
43.7086,45.729347,6.11627,6.5497184
37.517097,37.712143,7.38204,7.4770913
36.501,42.302494,7.63618,7.4215503
47.8153,52.788532,8.80609,8.0927925
46.2943,56.406414,8.77712,8.62657
45.3709,42.087643,7.24589,7.2406406
49.2423,49.126232,6.3498898,6.2947803
39.4195,42.39605,7.22303,7.3361826
45.7907,45.60993,8.454,8.56435
41.8997,46.272232,7.18094,7.1028028
56.7849,52.169884,6.91793,7.0442514
54.3528,51.630646,6.9547,6.7880235
92.671295,88.56868,8.15069,8.110881
96.626,98.97166,6.714,6.865166
38.4966,40.556698,7.81666,7.5421066
38.4226,39.88681,7.47554,7.610176
64.601,65.95886,7.52174,7.5023375
82.8424,63.54197,6.62264,6.753156
61.7909,64.60892,6.07276,5.821782
56.5847,57.900208,5.71869,6.0648594
73.3535,69.34008,8.04742,8.162119
50.0462,50.910213,8.5662,8.711958
39.1704,35.92172,8.12666,8.533604
38.0031,30.17477,8.01493,7.5079675
41.541298,40.77011,7.78716,7.7370534
45.8712,51.14032,7.40076,7.0973086
205.669,271.78525,5.94443,6.252292
70.4722,68.091866,7.52754,7.2496285
54.2514,58.670727,6.94832,6.7224674
74.7478,68.281136,5.90012,5.880909
35.4176,35.89453,8.33915,8.529081
48.8246,49.50562,6.57867,6.597357
78.0963,66.33184,7.91392,7.933523
74.8191,79.0617,7.0889,6.8674264
80.6888,86.353485,7.37707,7.2054896
43.839798,40.667725,9.1867,9.297051
73.1511,72.76479,8.00985,7.7926927
32.7096,32.41529,9.55643,9.664948
59.2988,64.99342,5.9335,5.974426
77.7522,75.38607,6.11719,6.369624
40.7903,37.285446,6.45665,6.4143724
45.0128,43.72799,7.54322,7.155917
167.666,159.47195,5.67062,5.670227
28.135498,27.916908,7.89801,8.024455
77.8459,84.76568,7.89098,7.602135
36.5723,31.761965,8.8362,8.64104
50.3493,59.19605,7.5432,7.4767094
72.5884,64.98916,6.90733,6.746861
78.8594,78.39386,6.91211,6.7785263
40.139,48.895912,7.50351,7.3230615
71.6981,69.50673,6.49499,6.79493
54.1045,48.153572,7.2003,7.5092096
62.4606,64.88638,7.33469,7.2705035
50.3283,47.12057,8.11311,7.8935666
47.2224,52.152184,6.30812,6.4786816
130.1,141.11487,5.1230497,5.225202
56.6387,50.626286,7.6326,7.610589
67.589,67.69828,7.3526,7.448698
54.6507,60.685154,7.4719,7.3388805
41.9461,47.32483,7.72621,7.899823
38.3795,39.07926,10.179,9.870587
33.9179,39.34495,7.90796,7.7832556
68.8164,71.07913,6.40966,6.6367965
72.0865,53.890884,8.85899,9.385041
53.9883,59.240475,7.64417,7.393094
41.8627,40.83364,8.28063,8.262369
65.0808,77.1388,6.54668,6.491125
33.0424,30.468739,8.69281,8.50413
84.7648,75.42912,7.64702,7.6016273
39.5812,38.58461,6.9724402,7.1228943
71.8921,97.004616,6.70476,6.486486
72.89,65.57696,5.69037,5.406633
133.25499,99.446815,5.91559,6.2096562
70.5351,71.06945,6.48503,6.532653
80.292,84.4942,6.50451,6.9111066
86.4115,86.17476,6.01434,5.87358
31.8791,31.979965,7.18422,7.2585425
40.0223,42.57545,7.53038,7.3293605
41.1987,46.6306,8.39313,8.280239
33.7203,33.931988,8.79059,8.873179
38.810898,35.88907,8.05201,8.228825
123.599,94.369675,5.68579,5.8759174
141.833,176.08444,5.77726,6.1581597
57.9152,58.7942,8.42661,8.449521
38.793,41.72132,7.54501,7.377852
72.6018,65.83509,6.57615,6.850996
63.2357,57.130566,6.36374,6.5567813
59.9431,49.678158,7.23679,7.2416024
36.5085,33.767967,8.40076,8.169889
69.1771,61.90192,6.37588,6.716074
59.3839,52.54635,7.21367,7.3366065
70.5856,71.722305,6.7817,6.9465775
63.3346,64.77165,6.27006,6.1587296
45.4587,45.684288,6.87785,7.3410306
36.0434,35.30143,8.87037,8.922888
82.015396,72.450935,6.85669,7.0618696
58.1907,60.980633,6.62433,6.949091
50.8755,49.825726,7.88088,7.9024177
42.6713,43.2484,7.69971,7.3666544
63.5332,70.60885,6.76083,6.614541
43.7379,43.190014,8.5453205,8.253237
112.752,107.03421,7.7218,7.5755534
37.7016,37.85306,7.13022,6.6451616
63.254,67.26358,5.89306,5.8740945
126.969,139.4454,6.99862,6.57158
39.3535,35.95324,7.95108,8.019841
64.1878,67.377014,6.12759,6.0822887
105.006996,102.52051,6.54759,6.5090656
61.8242,55.650764,6.68198,6.9502664
97.6374,74.41031,7.50192,8.048256
76.943,75.747536,7.06918,6.849141
42.1315,39.64577,6.96935,6.953789
32.8086,32.636253,8.04891,7.944471
68.1713,67.9401,6.68696,6.862994
58.419502,56.382538,8.45158,8.321234
40.4769,43.28191,8.20816,7.867476
53.4691,47.76826,6.61367,6.6450047
42.0327,43.92046,7.8718,7.6763735
37.115402,34.446796,7.26868,7.275394
39.005,38.467476,6.1925,6.450488
34.6841,41.014133,7.58662,7.896931
73.5208,74.963066,7.62595,7.6949706
33.1762,38.508736,10.1133,9.468069
78.0396,100.2742,6.64074,6.361933
40.3211,43.93169,10.9193,10.589886
77.7892,72.3067,6.6955,6.5990763
56.5049,53.55924,7.03936,6.962082
53.9378,47.5145,8.68098,9.108152
66.9995,71.75437,6.68084,6.5003605
57.8689,52.61925,6.67607,6.539352
77.8764,64.29982,6.79917,6.9342465
50.6653,49.225613,8.85167,8.691227
55.3696,58.90874,6.55042,6.762566
64.6961,61.815365,7.9765,8.234661
38.0692,39.267067,7.21204,7.455251
52.6197,50.890507,6.68074,6.53624
88.199,98.14993,7.26811,7.358559
35.6615,43.847622,8.5362,8.891505
58.7198,49.986668,5.99202,6.0209146
42.1717,37.09736,7.94072,8.089629
52.0389,56.362133,7.1928,6.9090395
89.5046,107.685165,7.96826,7.43057
49.1827,57.80698,7.77523,7.1964607
50.3416,56.826237,6.11575,6.420077
66.5876,61.07043,8.49881,8.686083
46.7181,46.87278,6.72609,7.096113
55.2061,53.649155,5.72317,6.0202055
46.3375,44.03544,8.39254,8.615697
66.3002,66.13889,6.4569798,6.544324
40.858,35.006325,8.29077,8.750123
39.140198,36.275517,7.77677,8.090451
93.0364,82.35244,6.64945,6.8005953
79.0983,83.9906,6.59553,6.84268
43.1671,40.25067,7.98601,8.220605
65.6385,60.91151,7.57146,7.60931
57.7832,59.466087,7.95984,7.672809
34.1779,35.176777,8.70594,8.521875
32.125298,31.313953,9.22206,9.123199
65.4724,76.15146,6.83675,6.7144537
38.48,37.906666,8.61034,8.6142
184.664,179.33163,5.77764,5.5389833
65.9693,66.05559,7.62016,7.841589
151.501,106.98592,6.1718903,6.745246
60.2946,58.17842,7.36999,7.2372994
48.2918,52.612305,7.33529,7.195403
37.3497,36.30809,8.64889,8.881381
72.9205,70.48431,6.93495,7.222689
144.81601,194.30673,4.98588,4.967272
73.6535,58.309402,5.94869,6.1232824
46.4276,49.660324,7.8966,7.5121393
87.4659,99.941956,6.38723,6.4351587
66.618,54.30719,7.03366,7.3568864
40.5176,41.18456,7.65775,7.44838
88.2579,73.89828,7.93303,7.8864822
39.368,33.20132,7.92259,8.051394
58.6382,61.36311,5.90963,6.0314293
72.2159,63.791573,5.93506,6.127854
63.2583,61.798805,6.94068,6.7221427
40.5189,47.681465,8.87171,8.619046
58.0476,51.95587,5.41225,5.8291783
80.4639,81.73681,7.60028,7.6849
39.0878,38.876694,7.72565,7.7633615
55.1049,44.184254,8.09133,8.029643
104.986,130.14624,5.75867,5.668248
47.779,46.83319,6.81248,6.7708073
59.066902,52.349575,7.09451,7.065616
69.2483,59.73606,5.77324,5.9756584
97.0987,134.41426,7.75323,7.5355086
79.680504,110.25642,5.78156,6.0398803
42.4679,38.163662,7.29154,7.3693666
56.2246,48.41003,7.46813,7.826597
66.0013,65.27471,6.87815,6.9394855
37.246,35.964836,7.73731,7.7870035
33.9118,34.51715,6.65876,6.7875433
46.9963,48.526875,7.1265,7.028822
30.760601,32.004383,9.46393,9.536598
91.4813,90.39726,6.55026,6.233159
36.8003,38.396503,8.43544,8.322253
51.7281,52.730816,6.46262,6.33073
58.9229,63.68279,7.77961,7.727107
39.9189,44.377003,8.25705,8.142403
75.4972,74.74976,7.62446,7.698349
54.4166,61.91682,5.98216,5.952859
42.475,42.987415,6.89906,6.947191
83.900795,81.610725,7.79164,8.090774
63.8564,61.211914,7.49559,7.606854
65.4938,59.282814,6.7033,7.540275
71.289,75.97113,6.7418,6.4339523
37.0359,30.89544,7.76812,7.771849
65.2215,68.013245,8.0498,7.9001327
57.6998,61.377914,6.80714,6.9458027
39.6521,43.06192,7.45533,7.3232274
44.7501,49.09028,8.04371,7.9815445
64.3856,59.332275,8.13292,8.286118
65.6304,58.860546,7.12293,7.004385
61.2551,62.437733,9.01118,8.590166
42.4209,33.87266,8.54618,8.68121
101.748,82.80011,8.05204,8.343818
50.1204,43.81769,8.756,9.077861
104.229996,95.677246,6.62723,6.721626
46.754898,45.46381,7.70318,7.7321477
132.198,115.72494,6.37479,6.6294327
32.8739,34.66076,6.9656,6.8672047
69.454,60.602924,6.28201,6.1457095
51.3166,56.446136,7.38012,7.536534
65.1342,65.490715,7.52341,7.1426964
58.6142,71.23671,8.45644,8.3926
44.8033,55.48851,6.37989,6.343812
55.8428,46.93564,7.42423,7.4089775
53.8413,52.380646,6.55039,6.44007
65.0915,68.80296,6.26725,6.2465315
48.681698,57.446114,7.53397,6.9538074
72.1085,72.40713,8.05065,8.109333
30.4684,30.553211,6.88423,6.9855566
60.9753,69.24557,7.59611,7.185875
39.667297,35.446926,7.46594,7.728462
58.4484,58.16483,6.91717,6.9350696
54.2812,54.386387,7.37578,7.313767
63.3489,61.329098,7.58741,7.590032
42.7793,45.570423,7.87386,7.6642737
64.3589,59.50541,6.27125,6.3244715
54.8509,54.447453,7.01394,7.216023
92.9243,71.164444,6.42194,6.6759806
62.1337,63.220978,8.00802,8.112888
68.8175,69.0644,7.69778,7.6487575
33.625,37.315132,7.80486,7.6834865
88.762596,83.510124,8.24471,8.243073
241.751,236.9377,5.97533,5.536724
63.1431,62.952095,7.45021,7.5223136
43.9856,40.225082,8.03171,8.152701
41.045998,36.699024,7.42314,7.594857
54.8617,43.606983,7.60547,7.758848
34.7197,45.808872,7.87909,7.7779083
41.975,52.29472,7.45291,7.2555313
64.3209,63.88067,7.52887,7.6500635
102.121,108.21039,5.3175697,5.665675
37.203197,37.441257,7.31681,7.1012797
31.8646,33.216724,7.95104,7.941488
55.2852,51.708145,6.24981,6.11575
59.759,48.178467,9.78414,9.643971
127.082,130.65594,7.51555,7.063214
83.1807,68.56825,8.83096,9.072466
69.6321,76.7279,6.88639,6.688059
65.0018,56.97396,7.51076,8.04516
39.7164,36.71755,8.70141,8.852412
41.9924,38.612705,10.2358,10.264216
39.3294,41.878006,6.92553,6.98846
27.7359,25.725441,9.45886,9.225003
44.3219,41.681828,6.60769,6.276303
38.501198,33.667862,8.41253,8.259137
68.5968,68.48647,7.22723,7.184904
83.118004,67.67399,6.89551,7.025675
73.0878,58.087387,5.87358,6.237558
53.753998,50.4469,6.57628,6.8882394
34.7719,35.12177,7.51905,7.453966
216.475,261.47656,4.71883,4.874277
178.884,163.6124,6.1234303,6.062146
70.9266,63.982063,7.11821,7.1457286
46.1837,41.254227,8.30723,8.343944
75.489,75.7391,7.27014,7.4243937
76.6095,78.51827,6.91389,6.7090454
62.0125,57.95983,7.89293,7.8686333
59.4611,54.772762,7.11462,6.939326
32.8948,33.68151,8.16577,7.9735613
125.49,128.66948,5.4729,5.7811565
69.3732,74.43283,7.32896,7.191527
38.5379,36.37112,6.72126,6.7743487
56.63,62.633892,6.47683,6.605327
58.5296,49.201942,7.3442,7.8720374
104.294,88.29518,7.32005,7.4926157
31.8026,32.834087,7.21906,6.9835353
40.8934,39.930702,9.51552,9.620995
113.533,129.32335,7.89389,7.4669976
105.202,109.27667,6.15288,5.800017
38.0023,39.472233,7.52744,7.25975
49.1491,43.998943,7.36617,7.3277383
77.8374,66.56218,7.31431,7.169272
86.0916,77.72052,6.47647,6.6672087
35.8087,38.974094,6.95287,6.979766
47.39,48.522537,7.65067,7.6721783
36.3717,38.069824,7.21389,7.143137
47.2763,47.5673,7.79496,7.361415
117.665,97.54251,6.89817,6.9810605
61.251,56.988358,6.49222,6.60738
74.2931,81.03998,5.76746,6.0478616
63.5407,63.546787,8.41346,8.294003
77.1999,71.399124,8.35012,8.326
77.3375,70.85673,7.213,7.5978146
83.3077,91.74037,5.5037,5.3790355
41.2691,38.305336,7.50564,7.3789515
32.9848,33.62306,9.83399,9.477465
122.406,121.11045,5.90184,5.9321065
65.694,79.03004,6.95321,6.8665276
81.4768,72.09625,7.69673,7.8441577
127.493,120.37217,6.16827,6.4998455
77.7083,88.033104,8.38642,8.294572
53.3992,55.89811,8.41267,8.323614
40.4172,42.89183,7.77617,7.617022
87.6542,90.57471,6.49332,6.371529
38.8137,39.324005,7.17184,6.9924703
111.496994,82.74471,7.58516,7.6709824
40.1494,41.822163,8.11578,8.243974
74.199,80.282326,7.07393,6.8197827
58.483902,63.445713,7.01287,6.849197
83.2728,83.08563,7.90072,7.4407873
71.6934,95.32115,8.47669,8.201655
57.0938,52.765465,5.84701,5.998365
44.005,71.27585,6.9396,6.511174
52.2687,53.526554,8.06062,8.176046
277.477,245.49892,7.34601,7.2582355
31.5881,22.692944,7.8622,7.603969
50.0347,52.98992,7.39499,7.4263086
50.5844,52.68019,6.8678,7.037211
66.4691,66.97694,6.89781,6.727654
80.4262,76.22579,6.94695,6.8104725
42.1953,42.33368,9.50532,9.601617
59.0279,53.900524,6.32818,6.4812107
87.1567,85.48814,7.9155297,7.6848884
67.5841,73.13847,7.3184,7.3170843
48.7928,48.50549,6.5004,6.5927253
81.216095,89.523476,7.65021,7.7350006
106.925,108.199776,6.7431498,6.480452
41.0868,44.06726,7.69645,7.45909
101.063,88.39992,6.25248,6.207207
41.7559,40.03281,7.38391,7.2885365
42.5251,40.643944,8.02689,7.939418
43.8756,42.323387,7.57368,7.3949685
108.076,127.778854,5.94443,5.4778876
91.5368,96.82247,6.18117,6.7967925
64.4607,74.052246,7.90189,7.6721244
40.6091,46.296047,9.06204,9.133369
82.2377,85.500305,6.03071,6.558282
42.657497,40.62573,8.68725,8.655421
60.2788,57.96237,8.4441,8.516452
92.6281,98.15566,7.28415,7.290899
61.8475,54.96773,6.41277,6.691419
81.4279,88.29073,6.62408,6.458123
38.1962,40.243374,7.14179,7.135102
76.3805,61.768166,6.27304,6.3781786
46.2463,45.631737,9.26495,9.37125
31.438599,27.186451,7.37216,7.750986
97.788795,93.96109,5.32835,5.7930436
39.3111,39.843975,9.26318,9.411573
89.6251,95.06788,6.92116,7.0996084
78.3663,71.93186,6.77004,6.5341473
45.3328,50.98862,6.57783,6.401154
48.766,49.325626,10.4855,10.285104
64.367,71.24037,6.21856,6.2782497
88.7251,93.61202,5.23994,5.5428553
73.5482,84.09125,6.42533,6.5685825
45.1829,44.555557,6.60325,6.8412323
116.307,100.87752,7.01935,7.0124826
60.6911,44.434967,8.6162,8.896807
76.4747,76.41212,7.26606,6.943002
42.993298,37.22291,7.07783,7.3774047
77.7167,80.148415,6.92505,6.735754
53.0983,54.821697,7.62799,8.093089
52.928898,49.75953,7.37905,7.692041
57.9901,60.638947,7.72533,7.7532487
45.505898,39.086365,9.6272,9.344019
55.1968,56.74959,5.91301,6.3046036
63.959,64.55396,7.38486,7.4834633
149.267,172.9476,5.74547,5.578689
48.5293,52.47294,6.00451,6.3671403
37.0225,38.12908,6.30851,6.6597342
75.4134,67.25069,8.37419,8.289301
46.6872,48.508022,6.94033,7.072775
47.2252,54.95843,8.90403,8.795798
45.461502,44.25387,8.3588705,8.261005
78.1716,81.54077,6.78938,6.5882015
37.4062,43.811626,8.09959,8.089357
63.5391,71.620674,5.61661,5.664779
46.5634,38.632458,6.46362,6.480701
38.1541,37.78154,6.68581,6.717516
43.9613,35.320724,8.94642,9.12353
63.7576,58.25582,7.68169,7.839727
46.5519,43.25098,6.26418,6.570292
63.0428,56.181274,5.99407,6.5076327
95.878,85.52128,6.02591,6.165185
57.4879,61.36354,6.87873,6.9082193
61.1165,56.020924,7.51774,7.769599
31.839,34.606827,10.9511,10.482486
83.9029,72.32278,6.0552,6.030137
35.8691,33.65316,7.10109,7.2743635
70.093,65.64979,7.51166,7.408504
63.4686,63.517307,5.88552,5.7042947
64.3807,64.17967,7.98636,8.032888
32.3912,33.849045,7.7483,7.9651175
96.5277,81.43769,6.53398,6.486089
78.5445,65.67169,6.14892,6.5167665
54.6697,54.90772,7.84745,7.8186035
115.81,106.726654,6.49333,6.3049254
44.5411,45.13821,8.10192,7.8789034
52.6876,59.42653,7.0069,6.6991043
44.989,52.495266,8.98991,8.562021
49.0327,48.145477,7.08282,7.088395
40.475998,42.590176,7.92685,8.114979
42.6908,37.49636,6.82043,6.7737427
63.4453,59.26976,6.52418,6.405271
45.4469,40.568836,7.68495,7.6836214
61.3077,64.325195,7.15099,7.471779
59.4071,60.49529,8.85765,8.797304
44.2585,39.51648,7.97108,8.078658
42.49,41.96103,7.76833,7.8217964
40.9883,39.51991,9.43764,8.925138
61.9803,55.317505,7.8792,7.8284144
139.242,138.66267,6.50836,6.3739233
49.029,48.092148,8.91823,8.741778
33.1074,33.7016,7.2869,7.426492
65.1468,66.97852,5.75781,5.8569937
41.8691,51.1435,7.83169,7.7650385
114.52,121.66898,6.7252,6.747698
142.399,150.79239,5.40423,5.514586
46.905197,49.758976,9.79846,9.752872
62.1833,64.529434,7.23564,7.3033495
51.3396,52.705883,8.7840605,8.775722
45.708298,46.105793,7.35802,7.2904854
58.2057,57.006733,8.69221,8.766173
66.7586,66.874825,6.94373,6.811286
66.1201,70.3214,6.66787,6.476838
40.1126,35.951794,8.28657,8.211159
61.7334,57.595364,6.63603,6.484506
66.3259,63.85162,7.21023,7.350707
80.1463,76.45828,6.82434,7.1884966
78.8221,76.87873,6.6489,6.611246
89.6105,71.03146,7.32624,7.28108
60.0812,57.669662,5.72916,5.899418
49.4013,55.26279,6.8451,6.817546
75.3785,77.16351,7.79725,7.6210756
102.145,107.7684,6.66829,6.7086735
65.0214,69.02578,5.88557,6.2031007
32.7554,34.272697,7.73112,7.612458
51.9619,59.224545,7.69605,7.389333
97.3204,88.80388,5.58165,5.5489645
92.7789,95.4596,6.0255,6.1093903
58.0699,53.76207,8.33712,8.204895
70.9043,62.925236,7.94551,7.951259
84.1403,100.924194,7.82956,7.8366075
63.8691,79.48255,6.67209,6.7673736
60.3612,58.953773,8.16428,8.290217
40.249897,36.271503,6.00264,6.2499175
65.3341,65.19758,9.44586,9.120311
57.4633,57.812138,7.43252,7.4605417
62.6887,67.204865,6.97128,6.9469757
42.0601,48.71702,7.96549,7.7667236
75.4625,59.96609,5.64343,5.755812
49.5444,51.711044,8.74573,8.627164
48.9971,53.928047,9.04644,8.972799
50.9187,48.572166,7.16293,6.924291
44.4124,51.93743,6.16927,5.813264
58.597,55.923283,7.27531,7.0434065
54.0635,49.40833,8.54082,8.497073
37.869,40.060234,6.4141498,6.4851813
61.5839,59.04145,8.02961,8.018818
111.207,88.39852,6.41472,6.556984
61.7375,63.626617,5.76211,5.5536027
99.443695,122.25889,5.75498,5.618707
58.0237,59.988827,5.68908,5.698144
48.2216,50.208576,6.67431,6.1410184
83.0828,73.23104,6.20819,6.244122
51.0608,45.909973,10.3822,10.250403
65.4609,62.7805,6.47753,6.330659
33.7362,36.213745,7.72751,7.6482296
63.4214,59.401863,7.48779,7.3228126
55.4298,50.736553,8.00692,7.961741
67.0197,80.46849,7.05213,6.834109
41.2831,44.205997,6.99427,6.6466537
38.8504,37.726517,7.15948,6.930435
47.0146,51.381157,7.89219,7.6839423
55.8481,56.283436,8.25148,7.9581556
62.1554,57.527287,8.81344,8.893713
71.5293,63.37582,6.14297,6.0236497
58.9336,51.29439,7.30873,7.7658477
151.981,167.32185,7.41094,6.8177476
29.565899,30.282795,9.65399,9.462058
68.921,64.02446,7.56731,7.5819025
66.3359,66.181366,6.41516,6.2708015
62.4668,58.34035,7.02482,7.1565747
42.2426,43.31982,8.62344,8.64429
111.201996,112.02948,6.60437,6.644072
37.4632,35.480934,8.16662,8.315595
72.4862,73.95148,6.09383,6.105859
58.8384,57.278652,6.58857,6.7758307
59.9455,62.203907,8.11992,8.1361
77.9568,70.6944,7.56876,7.6679897
113.047,88.60548,5.28129,5.7913017
44.323997,41.844425,6.33379,6.867956
57.1066,52.520405,6.76928,6.768441
70.0585,74.5403,7.336,6.9368467
42.5587,46.873108,7.77154,7.41587
72.5512,71.92744,7.77568,7.731165
68.1112,58.75346,7.76409,8.05916
98.019196,82.18443,6.61735,6.809299
57.3347,57.408092,8.86758,9.055054
52.1558,55.1926,8.21895,8.183301
57.6262,53.25312,7.22303,7.287493
52.3687,49.27096,8.12409,8.049974
55.3449,56.019863,7.6642,7.580383
53.7197,57.291836,7.33356,7.1468477
61.3458,65.612816,8.56322,8.625539
69.0013,70.9967,6.02792,6.1004395
51.8552,53.9138,7.29743,7.0237446
55.9759,43.00474,7.58334,7.780117
75.8471,72.06039,6.63388,6.363178
60.0389,57.294556,6.20628,6.4180355
48.2901,56.12162,7.25794,6.9659953
51.0163,50.96117,7.87803,8.065743
53.2918,48.196995,8.25964,8.301253
111.624,89.12068,6.96906,7.0800605
52.8792,54.657135,7.13111,7.2006807
43.6628,39.765358,9.11545,8.844519
57.083,50.594933,9.27621,9.125634
77.3822,75.47487,8.46258,8.290869
51.7985,57.511246,7.22563,7.131991
124.254,120.63726,7.1912,7.2510214
40.7481,34.927067,7.93862,8.233117
44.8163,48.23816,8.13711,7.993763
89.5436,83.36707,5.6809,5.851042
68.7522,67.07781,6.84723,6.7858915
80.063896,84.43226,5.40543,5.3012586
65.8245,61.28627,6.76185,6.9198456
36.7508,32.3808,8.96307,8.995658
125.978,109.2683,5.03989,4.8019547
49.2596,45.563885,7.9921,7.9941154
51.6969,51.714745,9.26223,9.08501
42.6469,50.033306,8.86743,8.499729
35.391,33.2861,9.13641,8.812162
55.1614,52.414932,6.83945,6.8707085
42.2963,37.302967,8.29179,8.074144
87.4973,91.52824,7.49497,7.4009223
75.8987,67.18074,8.66227,8.75294
109.77,110.279526,5.64487,5.7770767
117.944,120.89917,5.5612497,5.4442043
60.1566,64.14153,6.95708,6.896414
56.4612,54.97024,6.31332,6.2186184
47.9271,44.202892,7.23066,7.912331
37.014698,46.614243,7.95089,7.6962876
68.9458,68.125755,6.51979,6.888249
92.223,86.361534,6.17143,6.2251797
56.4029,50.956764,6.5450997,6.5393963
58.7823,55.50086,6.58544,6.670558
79.7433,81.15658,6.52233,6.503801
83.6397,83.77439,6.02441,5.9449787
57.441,58.23039,7.02465,7.147139
41.7515,41.331066,7.88314,7.7976365
69.51,56.37779,7.33855,7.769504
35.249397,35.0526,7.90994,7.7709365
73.6767,66.95832,6.28581,6.302436
71.0971,70.87728,7.67352,7.477863
130.104,120.672264,5.5166802,5.5295424
51.3582,47.17789,6.69207,6.8107343
30.8266,31.542343,6.99288,6.9986815
98.6198,79.87501,6.91189,7.1531067
71.3192,64.91299,6.7526298,6.7717338
30.4179,37.491955,8.31378,8.047754
36.9507,35.036144,8.31024,8.427738
60.283,67.184,6.74749,6.7235847
52.9426,49.439594,8.28996,8.373004
58.7826,59.38385,9.43537,9.739112
26.821701,29.005512,8.08607,7.893624
51.8267,54.510727,7.59383,7.7160215
40.555,37.364033,8.8523,9.0038
52.093502,63.399704,6.64647,6.3591285
52.142,54.120937,6.64458,6.607229
58.1906,60.248554,6.38877,6.36516
73.9272,69.979485,7.00617,6.7923098
68.2837,66.39587,5.94132,5.965631
49.0385,39.53262,9.0823,9.276701
68.8332,64.22847,5.90699,5.9773083
44.0921,47.731674,6.25918,6.301044
49.3112,57.74062,7.81445,7.8942814
83.9657,85.64536,6.36237,6.4792066
40.697998,40.772263,9.1289,8.937496
60.4936,64.290184,7.99966,7.844757
39.2739,43.584785,9.34022,9.005204
42.7169,47.195915,6.92814,6.7668424
37.2589,40.896214,7.28418,7.453352
48.432102,53.757843,8.81873,9.067091
37.7392,35.573254,7.52143,7.143994
116.89,84.21234,4.89652,5.4114184
43.8419,43.078682,10.2424,10.170997
72.9062,73.87886,6.53812,6.7307873
77.4127,89.618965,6.45644,6.575063
93.1426,119.41825,5.9042997,6.0265684
44.6359,44.903934,9.18516,8.75168
48.7358,50.514652,6.65313,6.669121
70.7463,65.28786,6.92492,7.1502395
32.4363,28.07544,7.8962398,8.182094
68.4394,70.58646,7.64621,7.5872936
46.5083,52.505974,8.52025,8.768295
43.9027,36.974083,9.28434,9.712446
62.3345,75.51285,9.76975,9.622303
56.3973,59.673626,6.34202,6.7086506
67.1954,67.56053,6.1622,6.1718082
63.7861,59.593822,7.40744,7.5799394
56.8754,54.015675,6.01861,6.568614
67.1124,67.63646,5.68411,5.8455462
50.1939,42.048443,7.63648,7.6546645
52.5729,49.454376,6.41296,6.7509904
48.598698,45.005707,8.11914,8.078855
40.7045,36.741444,8.28356,8.500097
60.2517,79.679535,7.52452,6.9456053
58.9188,51.905052,7.97375,8.279002
81.665,74.6025,6.64269,6.764803
85.7192,94.61836,7.55784,7.705629
77.1345,70.57702,7.05237,7.3583713
45.9276,41.11363,6.89997,7.125342
53.5219,53.876305,6.77609,6.8092594
46.6583,52.892086,6.85207,6.697114
53.3437,55.912384,7.24713,6.98179
62.0044,59.90162,7.71126,7.934524
64.5753,70.86887,5.81353,5.7893987
84.3058,91.95582,7.5793,7.7565794
115.301,86.66166,5.64585,5.9149494
47.7781,47.481762,6.16477,6.100704
35.6129,38.007713,7.20696,7.172571
43.0336,46.256832,8.1822,8.009044
66.1139,55.487637,9.32176,9.29278
39.128002,42.433002,6.84622,6.552324
90.8568,76.49289,5.83933,6.1157026
66.9844,69.0456,6.08208,6.2637134
36.308,36.813763,8.55396,8.693713
44.8313,45.25673,8.38,8.5294
85.842,96.98912,6.87363,6.8322115
44.8299,48.392414,6.49794,6.653645
73.4997,70.92879,6.1048303,6.012711
50.2064,52.59734,7.86184,7.8399034
43.7054,40.134995,7.51706,7.861474
57.6887,49.833626,7.64583,7.719318
53.1338,48.95819,6.86461,6.650418
42.317398,41.494545,8.75674,8.811189
41.1057,39.17148,9.8466,9.8479185
127.589,123.74425,5.79454,5.910038
68.4478,63.287193,6.90107,6.922622
57.1729,61.66545,7.10753,6.6772923
53.468502,47.99055,7.54745,7.6977377
62.4475,57.42457,6.02815,6.225536
38.2234,35.151787,7.40541,7.43864
61.5477,80.096695,6.20908,6.129194
34.6371,38.52897,7.67055,7.4285865
58.1584,62.728714,7.97862,7.965137
92.5614,87.681725,7.02208,7.1355076
47.4196,48.19969,8.44487,8.357935
40.983097,40.0744,6.84403,6.64613
63.4344,54.94674,7.21999,7.1776423
43.892,40.669754,7.7474,7.8368044
63.5659,68.82338,7.31334,7.4115734
63.8235,72.61324,6.39679,6.266308
78.2189,90.10357,6.96709,6.956235
40.199,42.701344,7.8849,7.560724
30.605999,30.07547,7.66807,7.4394364
76.8847,63.212982,6.08591,6.284558
39.8763,44.497166,7.2888,7.4354835
122.843,110.99822,4.6676197,5.1199183
59.7989,53.93717,9.24543,9.1523075
50.4874,53.21913,7.69635,7.8082275
40.670097,42.6129,8.79563,8.598813
74.5022,70.834625,6.67613,6.396644
42.7154,39.407078,7.89482,8.040179
83.8556,69.35117,5.85031,6.1865377
103.35,102.22138,7.57071,6.777127
75.4367,67.97356,6.0767,5.998875
38.796997,35.131176,7.99148,7.8569574
42.3048,39.562767,7.18894,7.549087
35.8055,33.832314,6.65184,6.812556
40.18,44.37152,8.73299,8.414751
67.4872,61.48088,7.52486,7.6916924
38.6864,37.911255,8.03639,7.918624
53.1962,55.727516,6.37195,6.5821743
45.275,42.25672,7.96742,7.906615
50.5389,54.60233,8.10518,8.12139
101.131996,89.663635,6.26488,6.1982245
66.8381,59.30442,6.3414497,6.596085
50.884598,49.071186,7.70142,7.6652737
63.3321,66.91992,7.45907,7.2121286
51.1641,46.00407,8.71207,8.710196
70.8938,62.812473,5.75262,6.0961742
81.5839,63.17762,8.29928,8.985742
66.8385,80.5538,8.17659,7.986494
35.1013,35.16947,10.1154995,9.887739
44.1925,49.664997,6.84046,6.716038
112.181,95.06537,5.35874,5.331829
43.1529,41.89875,8.09529,8.444457
42.3267,47.482254,7.34156,6.476536
49.3703,55.656097,6.81387,6.7595863
51.786,59.663063,7.81968,7.9929056
67.0157,76.34685,7.74125,7.5732512
70.331,75.764206,7.36869,7.6660204
62.375,59.774963,7.7382,7.804225
59.106,72.32167,9.1617,9.380666
36.2977,38.467083,8.40805,8.180699
66.0459,63.95939,6.40704,6.6580853
85.7295,86.30482,7.41634,7.50964
60.0938,60.072124,8.54704,8.23747
81.138,82.45671,8.14925,8.083817
48.308,51.722534,9.08631,8.974896
102.981995,88.15937,6.20668,6.2974834
41.2841,49.331226,6.95632,6.693144
44.1076,39.72965,7.95521,7.9581666
42.926,38.11356,9.23083,9.135177
63.4823,56.81262,6.9111,7.208514
50.7077,53.248795,7.04965,7.0791264
119.247,149.47797,6.62219,6.264597
69.9504,63.051826,9.73229,9.332713
37.0468,37.357086,7.69901,7.593517
48.7336,44.88353,6.73689,7.3709526
60.5159,54.58336,7.71256,7.623701
50.7807,47.21247,6.41182,6.3219047
40.998398,45.534683,7.40032,7.489698
57.0179,55.87324,7.5405602,7.507408
27.563904,31.894918,7.63585,6.8916736
81.0506,86.245476,6.8112,6.9758797
39.2783,40.623116,8.37321,8.6948
60.7898,54.472137,6.68875,6.9463253
68.0327,66.88624,7.33309,7.3261166
34.315998,28.983902,7.32997,7.4471455
35.9454,36.90763,9.01015,9.069297
78.1123,77.238335,7.31243,7.241073
88.898796,74.00767,6.71044,6.695762
78.9075,74.47066,7.76974,8.292393
46.760498,46.017506,10.6565,10.074948
50.452198,52.91771,6.9456,6.752128
42.8759,42.186386,8.42033,8.717635
67.7762,60.36029,7.00232,6.892948
37.129898,37.91252,10.3089,10.046428
34.7804,34.84642,7.89275,7.5604944
51.4733,50.33739,6.95816,7.172171
63.127,56.59332,8.81849,8.9745655
35.1535,30.085938,7.27385,7.390474
78.7849,72.927185,5.06941,5.6571836
42.4427,44.762688,8.75748,8.791308
95.997795,66.46206,6.57188,6.8775516
72.4664,83.86189,6.06001,5.965753
95.4855,103.049965,6.05922,5.695912
56.0648,54.276375,7.72549,7.6751375
47.1641,43.5414,9.14998,9.365325
75.7247,69.80146,6.60943,6.461737
122.813995,108.629555,5.98342,5.807848
87.918396,87.951904,6.23724,6.378101
90.5777,82.2234,6.09859,6.069866
38.8854,43.020885,8.20548,8.126897
38.877598,50.95293,8.57006,8.17718
56.5014,66.38425,7.19258,6.9000344
69.054,67.60892,6.72752,6.7536654
79.9032,61.28394,6.29839,6.589943
74.3782,74.98752,7.8395,8.193012
39.1322,30.375755,5.77045,6.288561
87.7526,93.18496,5.92461,5.9423933
36.961502,31.37732,7.60053,7.7602654
37.3651,40.58719,6.26076,6.3534355
56.6315,55.657486,8.28623,8.066006
52.2589,56.46159,7.73509,7.723055
41.2544,35.92598,9.39939,9.841533
74.2343,75.471466,6.37858,6.4315677
86.9066,94.25232,5.37859,5.482169
55.0691,59.88121,6.84835,6.4105606
42.6655,51.59971,6.57858,6.570265
42.4381,44.22381,7.20587,7.2269845
63.4383,69.18878,6.72633,6.7648854
51.2602,46.930393,7.6915298,7.815582
36.716698,39.55226,6.59636,6.6397862
183.501,160.87793,5.16289,5.388308
77.3667,80.795685,7.22044,7.0314546
81.0432,78.00135,6.45361,6.406002
58.1402,61.22388,6.33998,6.3071785
80.941,68.134056,7.52973,7.96196
66.3534,70.62008,8.86631,8.693901
46.2238,47.529366,9.69784,9.624045
43.490997,45.989002,6.56451,6.228078
49.1433,52.1184,6.85503,6.6608176
54.333298,54.826942,7.57285,7.6067557
103.177,92.996414,7.4294,7.535751
70.2379,86.713196,5.92051,5.643956
47.042,45.751366,9.22962,9.600208
51.666298,47.023956,7.13839,7.542063
37.042698,40.42634,8.08189,8.358933
41.7941,40.677578,6.92961,6.9832883
51.9869,49.605804,7.52401,7.647211
70.9454,78.31042,6.22518,6.0867996
93.5732,77.97145,7.75921,8.028399
100.439995,85.678375,6.04287,6.2609076
70.4919,90.6447,6.4268,6.3466253
32.2371,32.74105,7.68974,7.845075
171.534,218.16632,5.40146,5.569928
48.7072,44.65688,8.00021,7.8515363
49.8072,52.162888,6.96049,6.873309
49.3835,48.887703,8.82566,8.674936
110.455,108.09479,6.7118998,6.744353
79.1441,76.81342,6.26323,6.3018355
72.7192,82.74471,6.02634,5.965851
48.0732,50.1364,6.97286,7.2145104
141.225,116.663345,6.43198,5.988994
66.0733,67.46997,6.11652,6.0949674
69.8717,70.03183,6.65739,6.679965
44.948097,53.109573,7.49507,7.165245
95.3669,81.32275,6.96605,7.1447453
47.8144,52.722473,8.33256,8.5565815
41.1993,37.485775,6.69358,6.7906084
49.9146,54.11579,8.50243,8.285825
48.6482,54.597942,7.54075,7.650553
64.4395,58.349987,9.28486,9.365906
48.6189,46.03151,7.76295,8.041124
46.567398,44.93158,7.39271,7.212096
